,concept_code,concept_id
1,N0000184420,42704777
2,N0000185240,42874525
3,N0000190373,44815173
4,N0000189810,44814949
5,N0000170911,4315838
6,MMR #3 VIS,2000137463
7,N0000189623,44814885
8,N0000188815,44507231
9,MMR #2 VIS,2000137455
10,N0000188079,43561798
11,N0000187728,43561447
12,N0000151139,42856373
13,162348,45922331
14,N0000170910,4315837
15,MMR BOOST LT,2000137467
16,706331000168102,2969966
17,N0000181907,40232927
18,N0000187644,43561363
19,N0000185928,43014496
20,N0000184412,42704769
21,N0000188760,44507176
22,N0000186833,43527797
23,170432003,3393686
24,170364006,3287912
25,170363000,3112896
26,432636005,3235172
27,OMOP1144333,35410748
28,OMOP1041969,44047338
29,"MMR-V (PROQUAD), 2 DOSE, (PED/ADOL)",2000106059
30,MMR#2,2000106056
31,MMR,2000106045
32,1658027,46275151
33,OMOP182223,44624349
34,OMOP707982,43661235
35,OMOP719245,43756063
36,OMOP1096348,44101717
37,OMOP707900,43697001
38,OMOP1142374,35408789
39,OMOP558423,43280377
40,OMOP2309230,41111268
41,OMOP3099335,36407293
42,375265,40064425
43,OMOP3120385,36269510
44,OMOP2763479,35762018
45,OMOP1127427,44132796
46,73688000,3079997
47,4639811000001109,45972342
48,N0000190275,44815386
49,N0000185210,42874495
50,N0000190402,44815319
51,N0000189811,44815087
52,N0000189563,44815696
53,N0000188744,44507160
54,N0000188814,44507230
55,252968ca-c714-4c1c-9e60-0b699cb9362f,42881006
56,2118e356-83b6-4525-8949-d48a5ea9a21a,1323920
57,386012008,21272367
58,689581000168106,2969967
59,N0000189881,44815099
60,N0000190291,44815181
61,N0000189143,44786081
62,78950021,42520577
63,147607000,40314471
64,OMOP558365,43269491
65,OMOP707924,43624852
66,OMOP475665,43171064
67,OMOP164368,44623107
68,OMOP3123414,36272539
69,87968998,37865118
70,148507007,3100162
71,OMOP719169,43630197
72,OMOP1127397,44132766
73,1292441,42799825
74,OMOP1140816,35407231
75,OMOP955958,43855700
76,363589,40065188
77,OMOP717885,43666314
78,OMOP719237,43810042
79,OMOP719172,43719979
80,838280004,3654601
81,46042008,3069964
82,9895811000001107,21198067
83,N0000184411,42704768
84,2603505,779895
85,N0000187532,43561251
86,N0000189892,44815066
87,181b248c-613f-4ab9-ae4b-8a85fa7125d6,35901817
88,N0000184415,42704772
89,N0000189621,44815730
90,N0000188745,44507161
91,831361000168106,43329506
92,79409,45912879
93,N0000189048,44785986
94,N0000189549,44814895
95,N0000185285,42874570
96,58160083103,983042
97,6417100,46332440
98,OMOP955960,43801481
99,OMOP227425,44594004
100,94240998,37880469
101,OMOP719191,43594118
102,OMOP151817,44645792
103,OMOP3128245,36277370
104,OMOP169728,44589758
105,376994001,40552827
106,4621411000001108,46098247
107,OMOP161612,44639799
108,OMOP717903,43594050
109,N0000188746,44507162
110,N0000188884,44507300
111,94,40213184
112,N0000188833,44507249
113,N0000186806,43527770
114,N0000190318,44815317
115,N0000190141,44815147
116,14015211000001108,21179794
117,N0000187784,43561503
118,MMR BOOST MF,2000137468
119,N0000187999,43561718
120,353c6c89-209e-47fa-8946-004d88eb3345,1834693
121,N0000186846,43527810
122,N0000187474,43561193
123,N0000185166,42874451
124,000721e4-47b7-47b6-b4e9-27fe08c13d21,35509205
125,N0000189781,44814863
126,75121011000036103,2969980
127,N0000185437,42900694
128,N0000185211,42874496
129,N0000188758,44507174
130,38598009,4296954
131,572481000119103,36713288
132,3121007,3079976
133,147683003,40314555
134,634790615,35500809
135,6499901,45161615
136,49999042201,44983585
137,OMOP1145820,35412235
138,ProQuad (MMRV),2000106351
139,MMRV,2000106062
140,OMOP2728009,42728846
141,OMOP740573,43662814
142,OMOP135547,44646411
143,OMOP2122628,40924666
144,39718311000001108,614020
145,N0000187629,43561348
146,N0000187854,43561573
147,N0000189823,44814874
148,N0000190317,44815337
149,N0000187328,43561047
150,N0000187546,43561265
151,959041000168102,2969963
152,N0000189103,44786041
153,19888,35961466
154,N0000188165,43561884
155,N0000189004,44785942
156,N0000187756,43561475
157,N0000187740,43561459
158,5012,35951643
159,65MC.00,45419010
160,OMOP2009865,40811903
161,OMOP3126922,36276047
162,"Measles/Mumps/Rubella Virus Vaccines, Live",2000087699
163,4017973,1599397
164,OMOP1040122,44045491
165,562383,19115177
166,OMOP499020,43173783
167,OMOP499023,43206525
168,OMOP707916,43606945
169,OMOP707983,43822941
170,OMOP717880,43809963
171,OMOP490340,43139653
172,2603511,779900
173,OMOP4718372,40739309
174,OMOP2341634,41143672
175,547242,40117715
176,OMOP507155,43176042
177,OMOP719176,43630198
178,230631000001102,3656805
179,N0000189102,44786040
180,400449000,21310728
181,MMR #1EXP,2000137449
182,N0000188137,43561856
183,N0000184417,42704774
184,N0000187332,43561051
185,N0000190305,44815138
186,N0000189087,44786025
187,2706e63c-1577-44c4-bd02-41b7aaa379a4,830868
188,N0000185270,42874555
189,N0000188041,43561760
190,MMR BOOSTVIS,2000137471
191,3121007,4150971
192,147605008,3099328
193,6474900,45059693
194,OMOP558374,43258603
195,OMOP153625,44664618
196,4003011,4281192
197,OMOP707981,43841046
198,1099411000000103,36685571
199,OMOP3099409,36407367
200,OMOP1116212,44121581
201,OMOP1104624,44109993
202,OMOP719185,43810038
203,OMOP740574,43608546
204,OMOP707929,43859170
205,OMOP995185,36883664
206,2603507,779897
207,13968111000001102,46086590
208,53628004,4202368
209,e4620883-a624-46e3-b7d0-1feaff80b3b9,1788284
210,N0000187388,43561107
211,N0000189656,44814983
212,N0000186834,43527798
213,N0000187685,43561404
214,MMR #2RTE,2000137460
215,N0000187656,43561375
216,N0000187782,43561501
217,N0000190360,44815131
218,N0000189838,44815720
219,N0000189548,44815682
220,N0000189129,44786067
221,N0000187601,43561320
222,N0000187866,43561585
223,MMR #1LOT,2000137450
224,N0000188163,43561882
225,N0000189047,44785985
226,247040801,45146101
227,OMOP3124330,36273455
228,94241998,37876700
229,1.09938E+15,36685568
230,OMOP717906,43828039
231,OMOP719240,43738125
232,OMOP1127181,44132550
233,OMOP717876,43612009
234,OMOP1044740,44050109
235,OMOP955962,43693677
236,OMOP238356,44552762
237,OMOP3041268,44164545
238,OMOP378297,21070186
239,1658025,46275150
240,OMOP5216640,1235934
241,OMOP1127429,44132798
242,OMOP507066,43154002
243,400449000,3182282
244,386012008,3175766
245,OMOP152595,44571942
246,N0000188801,44507217
247,N0000186792,43527756
248,N0000189157,44786095
249,N0000188051,43561770
250,N0000187798,43561517
251,N0000187361,43561080
252,N0000189130,44786068
253,N0000189073,44786011
254,N0000186398,43527492
255,689651000168103,2969969
256,MMR BOOST,2000137464
257,N0000187266,43560985
258,65MB.00,45478937
259,38598009,3294135
260,334621000009104,42572596
261,6402900,44855213
262,OMOP1142732,35409147
263,OMOP178727,44615633
264,MMR-II,2000087313
265,"MMR, 2 DOSE (PED/ADULT)",2000106057
266,MMRV (PROQUAD),2000087317
267,OMOP707911,43750903
268,OMOP719198,43774095
269,OMOP3115186,36264311
270,OMOP3125378,36274503
271,OMOP2091580,40893618
272,OMOP707906,43606943
273,OMOP4703825,40753445
274,1658023,46275149
275,804182,40153141
276,378135,40065979
277,OMOP740572,43806387
278,2231000221105,3656322
279,MMR VAR#2SIT,2000137487
280,1158638,36224662
281,N0000186389,43527483
282,MTHU006965,42552527
283,N0000184540,42865212
284,N0000187796,43561515
285,N0000187853,43561572
286,N0000189795,44814887
287,N0000187461,43561180
288,N0000187476,43561195
289,N0000189173,44786111
290,831031000168101,43360628
291,N0000184416,42704773
292,N0000187329,43561048
293,209cfa40-41ef-418c-bd40-f9ca28ce555b,36345940
294,N0000184418,42704775
295,N0000185284,42874569
296,N0000188095,43561814
297,571591000119106,3297737
298,DPD135185,44153478
299,OMOP558367,43296610
300,83672998,37855286
301,OMOP1144332,35410747
302,OMOP717888,43864344
303,OMOP717909,43738057
304,OMOP719180,43791877
305,OMOP707930,43661231
306,OMOP707898,43643100
307,1292442,42799824
308,OMOP1144867,35411282
309,OMOP719197,43864420
310,OMOP220177,44618615
311,547243,594272
312,OMOP719181,43612086
313,419771007,3177411
314,OMOP717900,43684195
315,N0000189907,44814783
316,N0000185271,42874556
317,N0000185269,42874554
318,N0000187699,43561418
319,1292439,36029481
320,N0000187642,43561361
321,N0000189131,44786069
322,N0000187545,43561264
323,N0000187316,43561035
324,1292437,36244016
325,1004441000168107,2969961
326,MTHU006966,42555292
327,N0000189117,44786055
328,59690,45715604
329,65B..11,45518784
330,1.03703E+15,3547958
331,170433008,4016349
332,572511000119105,3230929
333,OMOP558368,43280365
334,MMR/VARICELLA,2000106061
335,4034277,1609787
336,OMOP1104625,44109994
337,95951992,37886660
338,158056009,3108185
339,OMOP732857,43824122
340,569669,40117710
341,804180,19131654
342,OMOP1099172,44104541
343,349688,40065977
344,836382004,3654518
345,N0000187375,43561094
346,N0000188065,43561784
347,MMR #1MFR,2000137451
348,N0000190417,44815108
349,N0000187826,43561545
350,N0000187560,43561279
351,N0000187586,43561305
352,N0000187326,43561045
353,N0000188834,44507250
354,N0000189824,44814911
355,N0000187265,43560984
356,N0000187700,43561419
357,N0000187657,43561376
358,N0000184541,42865192
359,65A..00,45445397
360,70382020,45738727
361,5-685.4,42751310
362,396427003,3197901
363,209037,19040342
364,MMRV,2000087316
365,MMR (2),2000106053
366,OMOP173279,44606842
367,97708992,37891919
368,OMOP707919,43588899
369,OMOP1127264,44132633
370,OMOP1127398,44132767
371,OMOP955957,43747504
372,OMOP707940,43643104
373,OMOP707922,43697002
374,OMOP4777828,36789582
375,1657998,46275134
376,OMOP719233,43738123
377,OMOP717907,43738056
378,2122273,1511432
379,3719ce7f-e138-413a-b1a8-7402c2f5db9e,36161824
380,N0000189115,44786053
381,N0000190333,44815263
382,73eae9fc-507b-4c9c-883d-63eb2e3cc6f6,46320544
383,N0000188066,43561785
384,N0000187600,43561319
385,N0000189865,44815059
386,23c30c01-38a4-42bf-9103-9c8cb5ea9992,37500290
387,N0000187812,43561531
388,25072801-fa55-47f3-99b0-23cc9e743957,1206172
389,N0000187769,43561488
390,N0000187867,43561586
391,831141000168109,43360627
392,N0000185181,42874466
393,N0000189622,44815085
394,N0000183907,42704382
395,MMR VAR#2,2000137481
396,N0000189145,44786083
397,5-685.41,42778798
398,147673002,40314544
399,OMOP955963,43621554
400,OMOP4984454,36058798
401,OMOP2185077,40987115
402,OMOP236503,44628371
403,OMOP707933,43768868
404,OMOP719189,43774094
405,OMOP166143,44572906
406,OMOP1127252,44132621
407,871766009,3656189
408,11474211000001103,45960318
409,MMR #2MFR,2000137459
410,N0000187714,43561433
411,N0000184559,42865218
412,99.45,36910123
413,N0000187431,43561150
414,N0000187713,43561432
415,MMR #2BY,2000137456
416,N0000189880,44814841
417,N0000188871,44507287
418,831041000168105,43348871
419,3095a45f-3816-4250-8c52-cc247aec3809,1110042
420,N0000183141,40242955
421,N0000189089,44786027
422,N0000187376,43561095
423,24fee5f1-7612-4481-b521-e34d7bd9aed0,3944309
424,N0000187671,43561390
425,99.45,2008321
426,433733003,4196595
427,OMOP490343,43194686
428,measles virus vaccine,2000106993
429,4003016,4280041
430,"MMR (12-15M,4-6YR)",2000106052
431,OMOP558364,43258600
432,93766998,37878374
433,OMOP955944,43639704
434,OMOP707928,43624853
435,783245001,37204542
436,OMOP717884,43684191
437,OMOP558363,43258599
438,OMOP707901,43643101
439,333256,19089501
440,349687,40065971
441,OMOP719161,43702264
442,33329007,4142636
443,61153008,4246875
444,OMOP507152,43208834
445,OMOP1148181,35414596
446,OMOP506910,43219807
447,N0000186399,43527493
448,N0000187502,43561221
449,N0000190374,44815207
450,N0000185926,43014494
451,N0000187403,43561122
452,N0000187628,43561347
453,MMR VAR#2VIS,2000137488
454,MMR #1RTE,2000137452
455,N0000187658,43561377
456,N0000186847,43527811
457,N0000187998,43561717
458,505001000000109,44802789
459,147673002,3099393
460,64681,45213010
461,OMOP2727991,42715919
462,OMOP499022,43151616
463,OMOP1106431,44111800
464,"MMR, VARIVAX",2000087312
465,2603509,779898
466,OMOP1144096,35410511
467,346512,590676
468,OMOP2725130,42714535
469,OMOP955929,43675949
470,OMOP707909,43859169
471,OMOP717887,43809964
472,353499,594250
473,350964,19097994
474,OMOP3110132,36259257
475,OMOP717908,43719907
476,OMOP1148220,35414635
477,419550004,3184006
478,11473911000001105,46090455
479,376994001,3152991
480,440075005,3168028
481,OMOP991334,36896194
482,N0000185167,42874452
483,N0000187333,43561052
484,N0000188108,43561827
485,N0000186805,43527769
486,N0000189116,44786054
487,3280034f-4834-47f3-90a0-b4fade13268f,36093627
488,N0000190346,44815235
489,N0000187997,43561716
490,N0000190347,44815144
491,N0000189852,44815020
492,N0000186819,43527783
493,N0000185436,42900693
494,90707,2213466
495,N0000190303,44815112
496,N0000188729,44507145
497,MMR #1SITE,2000137453
498,dae3d1ef-3b78-4b50-840b-a2961e873ca2,42884111
499,N0000189075,44786013
500,959021000168108,2969964
501,N0000187755,43561474
502,149286,45951565
503,bf3bbec4-f9e0-5a2d-e053-2a95a90ab153,35501899
504,OMOP113029,44531046
505,OMOP113030,44531047
506,6450500,44957263
507,6406147,45059690
508,6468200,45161611
509,OMOP707979,43643107
510,524999,44569852
511,"Varicella, MMR",2000097616
512,OMOP955967,43657797
513,OMOP3115799,36264924
514,OMOP3108128,36257253
515,OMOP989935,36891631
516,OMOP1145833,35412248
517,OMOP707913,43714924
518,OMOP707920,43643102
519,OMOP707935,43661232
520,OMOP719184,43828119
521,OMOP1142422,35408837
522,OMOP4777827,36789581
523,OMOP499016,43151615
524,OMOP707905,43606942
525,OMOP1076140,44081509
526,871817003,3656215
527,9e3ca1fd-a97f-403f-a789-6548256fe7bb,37494425
528,105024,45953284
529,MMR VAR 2EXP,2000137472
530,N0000187444,43561163
531,N0000190429,44815198
532,N0000188857,44507273
533,Y42  G,45525731
534,N0000186371,43527465
535,N0000187558,43561277
536,689011000168108,2982839
537,N0000185239,42874524
538,MMR BOOST ST,2000137470
539,N0000189060,44785998
540,99.48,36904326
541,N0000189657,44814888
542,51407020,37786429
543,147606009,40314470
544,OMOP2009867,40811905
545,6468101,45144477
546,209036,40064423
547,.MMR * (M-M-R II),2000072736
548,"MMR # 1,",2000106048
549,805494,19131901
550,OMOP1053105,44058474
551,OMOP707938,43697003
552,OMOP507157,43208836
553,OMOP955911,43693671
554,OMOP3095520,36403478
555,OMOP1143356,35409771
556,OMOP558360,43264036
557,OMOP193190,44616701
558,OMOP1127149,44132518
559,2251000221101,3656324
560,N0000187390,43561109
561,99cd2b05-e5ba-4dcd-bede-efa6acbb6e81,45794070
562,N0000191538,46234584
563,N0000189768,44815678
564,N0000187684,43561403
565,N0000187878,43561597
566,N0000188802,44507218
567,N0000188109,43561828
568,d2ae2784-e6c7-47f6-984a-9c561633cca7,35504245
569,N0000181905,40232954
570,N0000188053,43561772
571,N0000151138,42860312
572,N0000187503,43561222
573,ZV04200,45478225
574,09a3f8c9-0b00-4739-a04f-4ade3ce97761,46308984
575,871909005,3656278
576,64171,46244997
577,500901860,35504868
578,6417101,46330274
579,6468100,44889374
580,1658028,46275152
581,MMR # 1,2000106047
582,MMR # 2,2000106049
583,ProQuad (MMRV),2000093101
584,346514,40065978
585,OMOP3124565,36273690
586,OMOP740575,43626502
587,OMOP1035914,44041283
588,1658000,46275135
589,562382,40117708
590,OMOP719195,43756059
591,54573008,3077075
592,14015211000001108,45964798
593,342211000009101,42572818
594,OMOP1127410,44132779
595,4621411000001108,21319122
596,N0000181906,40232905
597,MMR #2SITE,2000137461
598,N0000188816,44507232
599,99.48,2008334
600,N0000187712,43561431
601,N0000187811,43561530
602,140f184d-dc97-40f7-96fe-a0e847ca1583,37290881
603,N0000187530,43561249
604,N0000186391,43527485
605,18c4361e-8683-4518-a1f8-6efc181988f1,36371938
606,N0000183139,40242975
607,N0000189059,44785997
608,162349,45937887
609,N0000188093,43561812
610,65A2.00,45508691
611,5-685.42,42745866
612,5-685.40,42762910
613,1099351000000106,36685565
614,170431005,4015131
615,147682008,3099402
616,OMOP475668,43193029
617,148507007,40310285
618,OMOP719188,43648261
619,OMOP3098641,36406599
620,OMOP2435050,41237088
621,OMOP173280,44556545
622,OMOP707908,43661230
623,OMOP1127428,44132797
624,OMOP475662,43138012
625,OMOP135548,44604062
626,OMOP490338,43205643
627,OMOP719163,43791876
628,440075005,4233436
629,OMOP740569,43698683
630,2603508,780283
631,OMOP1127282,44132651
632,N0000185180,42874465
633,MMR #1 VIS,2000137447
634,31c83182-a5bc-4c42-a540-119db926d298,36322170
635,99.45,36913747
636,N0000187460,43561179
637,N0000189033,44785971
638,0a9e384f-e717-436b-b9a0-15e53cef0862,45619908
639,N0000186409,43527503
640,689411000168101,2969973
641,MMR #2LOT,2000137458
642,706361000168105,2900896
643,N0000185165,42874450
644,N0000186791,43527755
645,2603499,779890
646,235574,590675
647,6401300,45195745
648,OMOP3126921,36276046
649,OMOP707934,43841043
650,105841000119101,37108575
651,OMOP1127263,44132632
652,OMOP719196,43846151
653,OMOP225524,44627579
654,OMOP558362,43296609
655,OMOP1148241,35414656
656,316231,40065969
657,OMOP717904,43774016
658,9895811000001107,45959889
659,2241000221103,3656323
660,N0000189172,44786110
661,N0000190359,44815301
662,N0000190142,44815124
663,N0000189866,44815685
664,N0000188731,44507147
665,N0000187810,43561529
666,N0000188121,43561840
667,N0000189088,44786026
668,N0000186407,43527501
669,N0000187726,43561445
670,N0000188164,43561883
671,1099361000000109,36685566
672,N0000187670,43561389
673,N0000189061,44785999
674,67IR500,45435509
675,OMOP707902,43768866
676,OMOP707923,43804825
677,OMOP558371,43264037
678,OMOP4703827,40753443
679,419771007,4304710
680,871831003,3656225
681,339831000009100,42598799
682,54573008,4184464
683,OMOP175865,44657748
684,N0000188831,44507247
685,N0000190389,44815153
686,N0000187462,43561181
687,N0000187825,43561544
688,N0000187490,43561209
689,MMR VAR#2LOT,2000137484
690,11474211000001103,21216823
691,45938,35807426
692,N0000185435,42900692
693,N0000190331,44815252
694,N0000189576,44814816
695,N0000187402,43561121
696,N0000186373,43527467
697,9ki1.00,45429669
698,1658003,46275137
699,MMR #1,2000106050
700,OMOP1148199,35414614
701,OMOP162576,44555730
702,805491,40153888
703,2603513,779902
704,804185,40153142
705,OMOP225522,44602228
706,OMOP506913,43208807
707,OMOP2059468,40861506
708,OMOP507154,43186935
709,34924711000001102,42533556
710,N0000189796,44814762
711,N0000187742,43561461
712,N0000189851,44814884
713,9636,574688
714,N0000186820,43527784
715,90708,2213467
716,159702,45930688
717,N0000188052,43561771
718,689001000168105,2969974
719,N0000185195,42874480
720,N0000189908,44815690
721,N0000188012,43561731
722,J07BD,21601341
723,N0000184419,42704776
724,3,40213183
725,N0000187754,43561473
726,N0000188858,44507274
727,N0000189894,44814882
728,170363000,40335695
729,63479061501,35500523
730,OMOP955968,43747505
731,4017978,1599402
732,OMOP707918,43822937
733,OMOP3114308,36263433
734,OMOP719173,43594116
735,OMOP719242,43846155
736,OMOP719238,43738124
737,OMOP707972,43606947
738,OMOP499019,43162787
739,OMOP475663,43138013
740,OMOP149976,44672945
741,OMOP4718370,40739311
742,OMOP707904,43750902
743,OMOP989889,36886593
744,OMOP1148191,35414606
745,87939007,3164447
746,OMOP507065,43197968
747,N0000187374,43561093
748,N0000190289,44815261
749,MMR VAR#1SIT,2000137479
750,N0000188122,43561841
751,24baff18-4097-488e-a259-6bf3bdcacb7b,46239656
752,32acdee2-0847-4e37-84dc-afc43e0a68a3,37500313
753,N0000190375,44815408
754,N0000189034,44785972
755,N0000187970,43561689
756,N0000189839,44815700
757,N0000187587,43561306
758,be1f2c24-05d0-4cae-b4b7-a50fffaebfb4,36513201
759,N0000185226,42874511
760,MMR VAR#2MFR,2000137485
761,N0000188872,44507288
762,N0000188772,44507188
763,N0000187334,43561053
764,N0000187314,43561033
765,26079df2-c5e8-4609-a6eb-e6b607d833bc,825640
766,13968111000001102,21224957
767,9ki1.11,45439594
768,433733003,3390133
769,147605008,40314469
770,147684009,3099404
771,64999,45110714
772,6458900,45161610
773,6401100,44855212
774,54569158800,45326631
775,6498400,45281441
776,2230358,44658968
777,OMOP707917,43822936
778,MMR II,2000106055
779,OMOP1141802,35408217
780,94592998,37878748
781,OMOP707912,43588898
782,OMOP707915,43606944
783,OMOP717878,43719906
784,OMOP707932,43859171
785,OMOP719199,43648262
786,343781000009109,42598957
787,N0000189005,44785943
788,N0000186400,43527494
789,N0000188027,43561746
790,N0000189879,44815638
791,N0000185299,42874584
792,N0000188149,43561868
793,N0000190276,44815290
794,D008458,45610702
795,N0000187824,43561543
796,MMR #1BY,2000137448
797,63853,45715843
798,N0000190388,44815163
799,1007534,36027654
800,1158639,36224663
801,N0000186390,43527484
802,N0000189825,44815655
803,MMR #2,2000137454
804,1156358,36214578
805,N0000187443,43561162
806,MMR VAR#1VS,2000137480
807,336e0815-7b44-446a-9992-3d3d6368de91,36400364
808,bf3bbec4-f9e1-5a2d-e053-2a95a90ab153,35501393
809,5-685.4x,42750827
810,36,45906026
811,170432003,4016779
812,OMOP113027,44531044
813,stof01093,36287465
814,247040301,45266020
815,2603515,779903
816,OMOP133749,44578880
817,346519,40065972
818,OMOP707931,43768867
819,21048978,42523428
820,1099371000000102,36685567
821,OMOP3122835,36271960
822,OMOP1090271,44095640
823,OMOP719162,43828118
824,OMOP1127409,44132778
825,N0000188028,43561747
826,N0000187346,43561065
827,75531011000036108,2969977
828,d773f47d-06b4-4ba9-bb39-4b25e03e0c13,44403480
829,39476,45709598
830,c793f42e-aeb0-46fe-b372-99f76d688cf4,45798706
831,MMR BOOST EX,2000137466
832,N0000185225,42874510
833,831261000168102,43333695
834,F034C00,45420253
835,792896000,37311478
836,308081000000105,44792012
837,OMOP475667,43160157
838,MMR-II,2000106058
839,OMOP719175,43846149
840,OMOP955959,43855701
841,OMOP507068,43176036
842,OMOP719187,43666379
843,OMOP990124,36883455
844,OMOP185834,44557511
845,378594,40065968
846,OMOP378320,21158545
847,OMOP2434227,41236265
848,OMOP506912,43186912
849,OMOP719165,43630195
850,34938511000001103,42532431
851,33329007,3060116
852,N0000187389,43561108
853,N0000185197,42874482
854,N0000188081,43561800
855,N0000188136,43561855
856,N0000189020,44785958
857,N0000184539,42865155
858,MMR VAR#2RTE,2000137486
859,N0000190361,44815257
860,N0000190345,44815310
861,159701,45949557
862,N0000190401,44815370
863,1007402,36027525
864,N0000188800,44507216
865,1008531,36028610
866,90705,2213464
867,706341000168106,2972117
868,572481000119103,3371155
869,147607000,3099330
870,5-685.43,42775818
871,396429000,3195174
872,557146715,1221713
873,OMOP955965,43819604
874,OMOP707927,43679184
875,measles/mumps/rubella/varicella vaccine,2000106995
876,^MMR,2000099431
877,252991,19065534
878,192717007,3247476
879,OMOP1035913,44041282
880,OMOP4703828,40753442
881,OMOP2060384,40862422
882,OMOP378308,21021052
883,OMOP717879,43648192
884,OMOP3112670,36261795
885,OMOP1148224,35414639
886,343651000009107,42598949
887,871928003,3656291
888,N0000188830,44507246
889,N0000022440,4281429
890,2122271,1511036
891,689681000168105,2969972
892,N0000187741,43561460
893,MMR VAR#2EXP,2000137483
894,N0000187348,43561067
895,N0000187686,43561405
896,N0000189019,44785957
897,N0000185927,43014495
898,N0000187559,43561278
899,831191000168101,43312842
900,N0000187417,43561136
901,N0000186380,43527474
902,N0000189018,44785956
903,N0000190304,44815237
904,959031000168106,2983054
905,N0000185301,42874586
906,N0000187489,43561208
907,N0000186790,43527754
908,65A1.00,45419007
909,501810042,46246167
910,OMOP144512,44571385
911,OMOP707984,43624857
912,OMOP1145017,35411432
913,471331000124109,601821
914,1099391000000103,36685569
915,2122274,1511038
916,OMOP157217,44546772
917,OMOP707899,43661229
918,OMOP3125680,36274805
919,OMOP2404180,41206218
920,OMOP2341633,41143671
921,OMOP149977,44647455
922,OMOP2019652,40821690
923,OMOP717877,43719905
924,OMOP955950,43855698
925,376400,40065975
926,1292438,42799823
927,804186,19131658
928,871765008,3663276
929,871908002,3656277
930,OMOP1148158,35414573
931,N0000187488,43561207
932,N0000188135,43561854
933,34938511000001103,40694000
934,N0000188026,43561745
935,N0000187972,43561691
936,MMR VAR#1BY,2000137474
937,N0000190387,44815233
938,N0000187327,43561046
939,N0000189575,44814799
940,MTHU006964,42552526
941,N0000187504,43561223
942,N0000188040,43561759
943,N0000189561,44814916
944,N0000187615,43561334
945,831181000168104,43333696
946,147682008,40314554
947,572511000119105,35621721
948,148491002,40310267
949,47435007,3388653
950,OMOP1093644,44099013
951,OMOP1040121,44045490
952,OMOP955943,43765443
953,OMOP955966,43729547
954,OMOP1061998,44067367
955,OMOP1103122,44108491
956,OMOP707907,43732944
957,OMOP1148206,35414621
958,OMOP1127486,44132855
959,OMOP719239,43756062
960,805488,40153887
961,OMOP992661,36894420
962,OMOP719167,43630196
963,OMOP1148207,35414622
964,419550004,4306320
965,227063c4-4503-4b40-ac4b-5ff64730ae82,36324954
966,N0000184413,42704770
967,N0000189769,44815645
968,N0000187445,43561164
969,N0000189158,44786096
970,N0000187588,43561307
971,N0000185255,42874540
972,688801000168109,2969976
973,N0000189046,44785984
974,N0000189809,44815080
975,MMR #1,2000137446
976,MMR #3,2000137462
977,N0000185241,42874526
978,N0000185254,42874539
979,N0000190403,44815178
980,79410,45923158
981,1b8e730d-9e84-4f58-8ec3-581a79cf97d9,1766690
982,34924711000001102,40693999
983,148491002,3100146
984,OMOP113028,44531045
985,6669,594249
986,6406200,45008294
987,6470900,44872164
988,"Measles, Mumps, and Rubella Virus Vaccine",2000106071
989,OMOP955941,43657796
990,OMOP955940,43855697
991,OMOP164367,44589360
992,OMOP3096300,36404258
993,OMOP490342,43161777
994,OMOP717881,43846084
995,OMOP499017,43206523
996,2122272,1511037
997,N0000187416,43561135
998,N0000188150,43561869
999,N0000187768,43561487
1000,N0000187418,43561137
1001,N0000188870,44507286
1002,N0000188773,44507189
1003,N0000187360,43561079
1004,MMR VAR#1RTE,2000137478
1005,N0000185182,42874467
1006,N0000187868,43561587
1007,N0000185212,42874497
1008,N0000186372,43527466
1009,804179,532272
1010,50090186000,44466664
1011,OMOP1106432,44111801
1012,MMR/VARICELLA 1 YR+,2000087315
1013,OMOP955954,43585548
1014,87971998,37865126
1015,OMOP1148142,35414557
1016,OMOP717902,43809965
1017,OMOP1148173,35414588
1018,OMOP717886,43666315
1019,OMOP955952,43855699
1020,OMOP3125679,36274804
1021,2603502,779892
1022,OMOP1089124,44094493
1023,OMOP176868,44590299
1024,OMOP558369,43258601
1025,OMOP717875,43702198
1026,OMOP732856,43770072
1027,785865001,37206224
1028,1292440,42799831
1029,OMOP1127471,44132840
1030,99.48,36910612
1031,N0000187267,43560986
1032,N0000187971,43561690
1033,N0000189797,44814840
1034,N0000186832,43527796
1035,N0000184560,42865209
1036,MMR VAR#1LOT,2000137476
1037,N0000187770,43561489
1038,4,40213168
1039,N0000189171,44786109
1040,N0000189032,44785970
1041,90742,2722279
1042,N0000188759,44507175
1043,N0000187797,43561516
1044,90710,2213469
1045,N0000188039,43561758
1046,OMOP2009866,40811904
1047,55714671501,1229844
1048,4003015,4280340
1049,OMOP1027126,44032495
1050,OMOP558373,43280366
1051,OMOP1106433,44111802
1052,OMOP707921,43714925
1053,OMOP719182,43666378
1054,OMOP558372,43258602
1055,OMOP130169,44637528
1056,OMOP184020,44574216
1057,OMOP2728945,42724816
1058,OMOP4718371,40739310
1059,87939007,40642380
1060,OMOP208359,44643213
1061,N0000186804,43527768
1062,N0000187404,43561123
1063,N0000189159,44786097
1064,N0000190290,44815378
1065,N0000187839,43561558
1066,N0000187643,43561362
1067,N0000189767,44814818
1068,N0000190431,44815287
1069,N0000186382,43527476
1070,N0000188080,43561799
1071,65M1.00,45458702
1072,65M1000,1397629
1073,50090186009,44466665
1074,OMOP198670,44676442
1075,- MMR,2000104722
1076,547240,19115028
1077,OMOP180477,44632733
1078,95547992,37885910
1079,OMOP719186,43810039
1080,OMOP1074669,44080038
1081,OMOP2247376,41049414
1082,OMOP2372591,41174629
1083,OMOP2776278,35774817
1084,OMOP2091581,40893619
1085,OMOP719244,43774097
1086,OMOP173278,44666088
1087,OMOP719193,43791878
1088,OMOP1127325,44132694
1089,OMOP1148251,35414666
1090,400449000,4292834
1091,N0000187544,43561263
1092,e32610e1-28a1-46fd-89e8-871b8379e71b,36513326
1093,N0000188014,43561733
1094,1099341000000108,36685564
1095,N0000186848,43527812
1096,N0000187616,43561335
1097,75530011000036101,2969979
1098,63797,905773
1099,N0000022439,4275469
1100,SUBMITIMMREG,2000139254
1101,N0000188730,44507146
1102,N0000190319,44815192
1103,N0000187315,43561034
1104,N0000189782,44814970
1105,706391000168103,2969965
1106,N0000190143,44815255
1107,N0000188856,44507272
1108,61153008,21179067
1109,88876-8,36306166
1110,b69bee21-1603-aa0f-e053-2a95a90a05a4,1211903
1111,87812020,37824474
1112,1091001000000108,35610251
1113,247040310,44856791
1114,805496,19131903
1115,MMR #2,2000106051
1116,MMRV (PROQUAD),2000106063
1117,"MMR  (Measles-Mumps-Rubella), live",2000106046
1118,MMR,2000087311
1119,.mmrv,2000072750
1120,99929998,37896971
1121,OMOP1028936,44034305
1122,105841000119101,3454661
1123,293721000119101,37117106
1124,OMOP3124926,36274051
1125,OMOP719234,43810041
1126,569670,19118783
1127,OMOP2497032,41299070
1128,OMOP499021,43206524
1129,OMOP1145674,35412089
1130,OMOP719241,43702268
1131,OMOP719178,43612085
1132,OMOP157216,44639506
1133,OMOP1127253,44132622
1134,53628004,3053442
1135,347649008,3177219
1136,61153008,3173903
1137,N0000187852,43561571
1138,4ea5f850-f422-44a1-b246-1e25bfc1a4eb,45621373
1139,N0000187672,43561391
1140,39480,45720500
1141,N0000146323,4288328
1142,N0000187347,43561066
1143,N0000187531,43561250
1144,N0000185196,42874481
1145,N0000187614,43561333
1146,N0000189867,44815008
1147,N0000189853,44815659
1148,26c540c5-e77f-4b74-bb91-b7c18c2bfeef,1834666
1149,79411,45906504
1150,65MA.00,45492221
1151,170433008,3320378
1152,349689,19096860
1153,50181004201,46354627
1154,54868098000,44849496
1155,OMOP955939,43747502
1156,2122278,1511041
1157,OMOP707910,43841042
1158,4017977,1599401
1159,OMOP1144080,35410495
1160,MMR REACTION,2000063044
1161,OMOP1145513,35411928
1162,OMOP182224,44565647
1163,OMOP558361,43296608
1164,OMOP719235,43612092
1165,OMOP3125158,36274283
1166,2603514,780284
1167,OMOP740570,43770505
1168,OMOP506911,43208806
1169,804183,19131656
1170,959071000168109,2969962
1171,cc108426-2c58-4ca0-948d-be5cd758bd70,44402100
1172,N0000185256,42874541
1173,N0000188788,44507204
1174,MMR VAR#1,2000137473
1175,N0000188885,44507301
1176,N0000189562,44814965
1177,N0000186381,43527475
1178,N0000188151,43561870
1179,N0000187430,43561149
1180,24f2c135-b61b-40c2-9ac2-edfdb9e5e443,36372139
1181,N0000184414,42704771
1182,63856,45713119
1183,65M2.00,45432113
1184,71970020,37812427
1185,432636005,4162329
1186,170431005,3416388
1187,147674008,3099394
1188,54569306600,45241304
1189,OMOP955961,43729546
1190,OMOP160849,44673751
1191,93765998,37878370
1192,293721000119101,3441926
1193,OMOP2741694,42715025
1194,OMOP490339,43205644
1195,OMOP2278775,41080813
1196,OMOP1148150,35414565
1197,347649008,4226894
1198,386012008,4301693
1199,73688000,40627497
1200,46042008,4262241
1201,OMOP139884,44621242
1202,N0000189906,44815707
1203,N0000189893,44815634
1204,N0000189658,44814928
1205,N0000190416,44815188
1206,N0000189783,44815669
1207,1158641,36224664
1208,N0000185286,42874571
1209,N0000188067,43561786
1210,N0000189006,44785944
1211,N0000187783,43561502
1212,N0000187838,43561557
1213,N0000189101,44786039
1214,MMR VAR#2BY,2000137482
1215,bd3acb72-ea71-4ed0-8c07-6b50250ea62c,46243383
1216,170364006,4016765
1217,6499900,45127500
1218,MMR/VARICELLA,2000087314
1219,MMR-Varicella,2000106060
1220,OMOP490341,43194685
1221,2122277,1511040
1222,OMOP955942,43693675
1223,158056009,40318298
1224,OMOP2278774,41080812
1225,OMOP2372592,41174630
1226,OMOP719170,43612084
1227,OMOP717901,43828038
1228,OMOP1148159,35414574
1229,N0000187516,43561235
1230,MMR BOOST RT,2000137469
1231,MMR #2EXP,2000137457
1232,N0000190430,44815306
1233,N0000188123,43561842
1234,N0000187727,43561446
1235,N0000187262,43560981
1236,N0000187574,43561293
1237,MMR VAR#1EXP,2000137475
1238,4639811000001109,21255296
1239,N0000183140,40242990
1240,MMR VAR#1MFR,2000137477
1241,N0000151134,42858625
1242,MMR BOOST BY,2000137465
1243,N0000188832,44507248
1244,N0000187429,43561148
1245,7178,35963354
1246,N0000186408,43527502
1247,47435007,4165354
1248,OMOP892793,43573772
1249,2215675,44651904
1250,OMOP5215964,1235259
1251,94524998,37878988
1252,OMOP507069,43176037
1253,OMOP506914,43186913
1254,OMOP475664,43182057
1255,804184,19131657
1256,OMOP719174,43594117
1257,OMOP1115054,44120423
1258,OMOP1148196,35414611
1259,OMOP507153,43208835
1260,865906006,3655484
1261,N0000187573,43561292
1262,11473911000001105,21206710
1263,N0000190415,44815126
1264,689611000168104,2969968
1265,N0000187362,43561081
1266,N0000187572,43561291
1267,N0000187475,43561194
1268,N0000188835,44507251
1269,N0000188013,43561732
1270,2603506,779896
1271,N0000184558,42865183
1272,N0000189837,44815064
1273,N0000187698,43561417
1274,N0000188886,44507302
1275,162586,45951861
1276,65M2.11,45472280
1277,71973020,37812430
1278,864611000000103,44809723
1279,OMOP113806,44529630
1280,58160082415,1997284
1281,6461400,44838018
1282,MMR (M-M-R II VACCINE),2000106054
1283,1915282,44669268
1284,192717007,4102199
1285,OMOP719171,43702265
1286,OMOP558366,43280364
1287,805495,19131902
1288,OMOP205707,44668488
1289,OMOP4703826,40753444
1290,OMOP378330,21148597
1291,OMOP475666,43182058
1292,OMOP707926,43804826
1293,OMOP130167,44586962
1294,OMOP955956,43693676
1295,OMOP2090675,40892713
1296,OMOP719164,43864419
1297,OMOP732855,43734150
1298,OMOP1127408,44132777
1299,N0000187630,43561349
1300,MMR VAR#3,2000137489
1301,N0000189144,44786082
1302,N0000187840,43561559
1303,N0000185224,42874509
1304,39479,45717770
1305,927418011000036105,2969978
1306,N0000188787,44507203
1307,N0000190332,44815303
1308,N0000188786,44507202
1309,5,40213170
1310,a67e41dc-692e-4f4f-b931-36e4ea467d9c,44397683
1311,10260020,37709722
1312,571591000119106,35607928
1313,147683003,3099403
1314,147606009,3099329
1315,DPD135184,44137866
1316,49999042210,45358977
1317,OMOP955955,43675951
1318,OMOP153626,44588625
1319,311462,40065970
1320,1658002,46275136
1321,1.0994E+15,36685570
1322,OMOP719177,43846150
1323,OMOP4988598,36062569
1324,OMOP4703829,40753441
1325,OMOP719183,43648260
1326,OMOP1024390,44029759
1327,1292443,42799832
1328,OMOP507067,43165018
1329,OMOP719194,43702266
1330,OMOP719192,43738120
1331,N0000189547,44814930
1332,N0000188094,43561813
1333,N0000187518,43561237
1334,N0000187602,43561321
1335,N0000187517,43561236
1336,N0000189577,44815635
1337,39718311000001108,36123370
1338,N0000186818,43527782
1339,N0000188107,43561826
1340,N0000189074,44786012
1341,N0000185300,42874585
1342,831351000168109,43342633
1343,N0000190277,44815206
1344,N0000188774,44507190
1345,b69bee7c-09f7-c8f7-e053-2a95a90a0c70,1203638
1346,86918020,37824345
1347,147674008,40314545
1348,147684009,40314556
1349,measles/mumps/rubella virus vaccine,2000106994
1350,21049978,42523571
1351,OMOP490344,43205645
1352,OMOP707985,43732946
1353,OMOP719236,43684264
1354,OMOP719200,43774096
1355,547241,19061642
1356,OMOP4703830,40753440
1357,2122275,1511039
1358,OMOP955951,43783606
1359,OMOP1025567,44030936
1360,OMOP1065972,44071341
1361,OMOP1144632,35411047
1362,OMOP209352,44634798
1363,OMOP719166,43810037